Gene_Name,COG_Categories,Classification
OGCDPPDJ_00013,T,Environmental Adaptation
OGCDPPDJ_00022,T,Environmental Adaptation
OGCDPPDJ_00023,HQ,Environmental Adaptation
OGCDPPDJ_00029,P,Stress Response
OGCDPPDJ_00030,P,Stress Response
OGCDPPDJ_00031,P,Stress Response
OGCDPPDJ_00032,P,Stress Response
OGCDPPDJ_00037,P,Stress Response
OGCDPPDJ_00038,T,Environmental Adaptation
OGCDPPDJ_00041,P,Stress Response
OGCDPPDJ_00043,L,Stress Response
OGCDPPDJ_00044,P,Stress Response
OGCDPPDJ_00045,P,Stress Response
OGCDPPDJ_00046,P,Stress Response
OGCDPPDJ_00061,P,Stress Response
OGCDPPDJ_00062,P,Stress Response
OGCDPPDJ_00064,V,Stress Response
OGCDPPDJ_00065,V,Stress Response
OGCDPPDJ_00066,T,Environmental Adaptation
OGCDPPDJ_00067,T,Environmental Adaptation
OGCDPPDJ_00068,V,Stress Response
OGCDPPDJ_00069,V,Stress Response
OGCDPPDJ_00071,EGP,Stress Response
OGCDPPDJ_00072,T,Environmental Adaptation
OGCDPPDJ_00075,P,Stress Response
OGCDPPDJ_00077,P,Stress Response
OGCDPPDJ_00078,P,Stress Response
OGCDPPDJ_00103,V,Stress Response
OGCDPPDJ_00104,U,Environmental Adaptation
OGCDPPDJ_00120,CO,Stress Response
OGCDPPDJ_00127,O,Stress Response
OGCDPPDJ_00130,N,Environmental Adaptation
OGCDPPDJ_00131,N,Environmental Adaptation
OGCDPPDJ_00132,BQ,Environmental Adaptation
OGCDPPDJ_00139,T,Environmental Adaptation
OGCDPPDJ_00140,T,Environmental Adaptation
OGCDPPDJ_00151,OU,Both
OGCDPPDJ_00155,O,Stress Response
OGCDPPDJ_00156,L,Stress Response
OGCDPPDJ_00162,IQ,Environmental Adaptation
OGCDPPDJ_00166,ET,Environmental Adaptation
OGCDPPDJ_00168,P,Stress Response
OGCDPPDJ_00169,U,Environmental Adaptation
OGCDPPDJ_00172,O,Stress Response
OGCDPPDJ_00183,L,Stress Response
OGCDPPDJ_00195,T,Environmental Adaptation
OGCDPPDJ_00196,T,Environmental Adaptation
OGCDPPDJ_00197,L,Stress Response
OGCDPPDJ_00198,L,Stress Response
OGCDPPDJ_00199,P,Stress Response
OGCDPPDJ_00202,EGP,Stress Response
OGCDPPDJ_00207,L,Stress Response
OGCDPPDJ_00208,L,Stress Response
OGCDPPDJ_00214,T,Environmental Adaptation
OGCDPPDJ_00215,T,Environmental Adaptation
OGCDPPDJ_00235,T,Environmental Adaptation
OGCDPPDJ_00239,KT,Environmental Adaptation
OGCDPPDJ_00244,L,Stress Response
OGCDPPDJ_00247,L,Stress Response
OGCDPPDJ_00248,L,Stress Response
OGCDPPDJ_00250,IQ,Environmental Adaptation
OGCDPPDJ_00257,O,Stress Response
OGCDPPDJ_00258,L,Stress Response
OGCDPPDJ_00285,O,Stress Response
OGCDPPDJ_00286,LO,Stress Response
OGCDPPDJ_00287,O,Stress Response
OGCDPPDJ_00291,O,Stress Response
OGCDPPDJ_00301,NOU,Both
OGCDPPDJ_00315,T,Environmental Adaptation
OGCDPPDJ_00330,T,Environmental Adaptation
OGCDPPDJ_00332,EGP,Stress Response
OGCDPPDJ_00334,L,Stress Response
OGCDPPDJ_00335,L,Stress Response
OGCDPPDJ_00339,U,Environmental Adaptation
OGCDPPDJ_00344,U,Environmental Adaptation
OGCDPPDJ_00345,P,Stress Response
OGCDPPDJ_00347,L,Stress Response
OGCDPPDJ_00349,KT,Environmental Adaptation
OGCDPPDJ_00356,L,Stress Response
OGCDPPDJ_00361,L,Stress Response
OGCDPPDJ_00365,P,Stress Response
OGCDPPDJ_00366,P,Stress Response
OGCDPPDJ_00367,ET,Environmental Adaptation
OGCDPPDJ_00372,L,Stress Response
OGCDPPDJ_00376,O,Stress Response
OGCDPPDJ_00377,O,Stress Response
OGCDPPDJ_00383,Q,Environmental Adaptation
OGCDPPDJ_00392,P,Stress Response
OGCDPPDJ_00395,Q,Environmental Adaptation
OGCDPPDJ_00421,T,Environmental Adaptation
OGCDPPDJ_00422,T,Environmental Adaptation
OGCDPPDJ_00439,Q,Environmental Adaptation
OGCDPPDJ_00450,P,Stress Response
OGCDPPDJ_00451,P,Stress Response
OGCDPPDJ_00457,EGP,Stress Response
OGCDPPDJ_00461,O,Stress Response
OGCDPPDJ_00462,OP,Stress Response
OGCDPPDJ_00464,P,Stress Response
OGCDPPDJ_00465,O,Stress Response
OGCDPPDJ_00468,V,Stress Response
OGCDPPDJ_00481,L,Stress Response
OGCDPPDJ_00482,L,Stress Response
OGCDPPDJ_00483,L,Stress Response
OGCDPPDJ_00484,L,Stress Response
OGCDPPDJ_00486,L,Stress Response
OGCDPPDJ_00489,L,Stress Response
OGCDPPDJ_00491,L,Stress Response
OGCDPPDJ_00496,L,Stress Response
OGCDPPDJ_00508,L,Stress Response
OGCDPPDJ_00542,P,Stress Response
OGCDPPDJ_00543,T,Environmental Adaptation
OGCDPPDJ_00544,L,Stress Response
OGCDPPDJ_00560,Q,Environmental Adaptation
OGCDPPDJ_00562,L,Stress Response
OGCDPPDJ_00566,L,Stress Response
OGCDPPDJ_00574,O,Stress Response
OGCDPPDJ_00575,O,Stress Response
OGCDPPDJ_00576,O,Stress Response
OGCDPPDJ_00580,P,Stress Response
OGCDPPDJ_00583,O,Stress Response
OGCDPPDJ_00588,T,Environmental Adaptation
OGCDPPDJ_00596,L,Stress Response
OGCDPPDJ_00602,L,Stress Response
OGCDPPDJ_00609,JKL,Stress Response
OGCDPPDJ_00610,L,Stress Response
OGCDPPDJ_00613,P,Stress Response
OGCDPPDJ_00620,P,Stress Response
OGCDPPDJ_00621,EGP,Stress Response
OGCDPPDJ_00623,P,Stress Response
OGCDPPDJ_00624,P,Stress Response
OGCDPPDJ_00625,P,Stress Response
OGCDPPDJ_00626,P,Stress Response
OGCDPPDJ_00627,P,Stress Response
OGCDPPDJ_00635,O,Stress Response
OGCDPPDJ_00645,P,Stress Response
OGCDPPDJ_00647,T,Environmental Adaptation
OGCDPPDJ_00649,P,Stress Response
OGCDPPDJ_00652,NU,Environmental Adaptation
OGCDPPDJ_00653,NU,Environmental Adaptation
OGCDPPDJ_00654,U,Environmental Adaptation
OGCDPPDJ_00655,NU,Environmental Adaptation
OGCDPPDJ_00657,U,Environmental Adaptation
OGCDPPDJ_00662,U,Environmental Adaptation
OGCDPPDJ_00667,L,Stress Response
OGCDPPDJ_00671,P,Stress Response
OGCDPPDJ_00695,L,Stress Response
OGCDPPDJ_00696,L,Stress Response
OGCDPPDJ_00701,L,Stress Response
OGCDPPDJ_00703,KT,Environmental Adaptation
OGCDPPDJ_00716,KT,Environmental Adaptation
OGCDPPDJ_00725,EGP,Stress Response
OGCDPPDJ_00728,ET,Environmental Adaptation
OGCDPPDJ_00738,U,Environmental Adaptation
OGCDPPDJ_00740,L,Stress Response
OGCDPPDJ_00757,L,Stress Response
OGCDPPDJ_00768,L,Stress Response
OGCDPPDJ_00769,L,Stress Response
OGCDPPDJ_00777,P,Stress Response
OGCDPPDJ_00779,L,Stress Response
OGCDPPDJ_00783,T,Environmental Adaptation
OGCDPPDJ_00795,O,Stress Response
OGCDPPDJ_00800,O,Stress Response
OGCDPPDJ_00805,U,Environmental Adaptation
OGCDPPDJ_00820,CO,Stress Response
OGCDPPDJ_00821,O,Stress Response
OGCDPPDJ_00822,O,Stress Response
OGCDPPDJ_00823,T,Environmental Adaptation
OGCDPPDJ_00824,T,Environmental Adaptation
OGCDPPDJ_00829,U,Environmental Adaptation
OGCDPPDJ_00832,L,Stress Response
OGCDPPDJ_00837,NOT,Both
OGCDPPDJ_00839,O,Stress Response
OGCDPPDJ_00857,L,Stress Response
OGCDPPDJ_00864,NT,Environmental Adaptation
OGCDPPDJ_00896,L,Stress Response
OGCDPPDJ_00901,L,Stress Response
OGCDPPDJ_00902,L,Stress Response
OGCDPPDJ_00905,L,Stress Response
OGCDPPDJ_00912,O,Stress Response
OGCDPPDJ_00914,L,Stress Response
OGCDPPDJ_00915,L,Stress Response
OGCDPPDJ_00918,L,Stress Response
OGCDPPDJ_00920,KL,Stress Response
OGCDPPDJ_00921,IQ,Environmental Adaptation
OGCDPPDJ_00926,P,Stress Response
OGCDPPDJ_00930,Q,Environmental Adaptation
OGCDPPDJ_00935,L,Stress Response
OGCDPPDJ_00937,L,Stress Response
OGCDPPDJ_00939,L,Stress Response
OGCDPPDJ_00947,O,Stress Response
OGCDPPDJ_00966,V,Stress Response
OGCDPPDJ_00968,O,Stress Response
OGCDPPDJ_00969,O,Stress Response
OGCDPPDJ_00971,L,Stress Response
OGCDPPDJ_00974,L,Stress Response
OGCDPPDJ_00980,L,Stress Response
OGCDPPDJ_00982,L,Stress Response
OGCDPPDJ_00997,L,Stress Response
OGCDPPDJ_01021,L,Stress Response
OGCDPPDJ_01049,V,Stress Response
OGCDPPDJ_01055,L,Stress Response
OGCDPPDJ_01066,T,Environmental Adaptation
OGCDPPDJ_01080,L,Stress Response
OGCDPPDJ_01090,L,Stress Response
OGCDPPDJ_01093,L,Stress Response
OGCDPPDJ_01094,L,Stress Response
OGCDPPDJ_01095,L,Stress Response
OGCDPPDJ_01118,O,Stress Response
OGCDPPDJ_01120,V,Stress Response
OGCDPPDJ_01140,L,Stress Response
OGCDPPDJ_01156,L,Stress Response
OGCDPPDJ_01158,L,Stress Response
OGCDPPDJ_01159,L,Stress Response
OGCDPPDJ_01161,L,Stress Response
OGCDPPDJ_01182,Q,Environmental Adaptation
OGCDPPDJ_01198,T,Environmental Adaptation
OGCDPPDJ_01199,V,Stress Response
OGCDPPDJ_01204,P,Stress Response
OGCDPPDJ_01206,P,Stress Response
OGCDPPDJ_01211,P,Stress Response
OGCDPPDJ_01218,O,Stress Response
OGCDPPDJ_01221,T,Environmental Adaptation
OGCDPPDJ_01223,L,Stress Response
OGCDPPDJ_01225,T,Environmental Adaptation
OGCDPPDJ_01226,T,Environmental Adaptation
OGCDPPDJ_01228,V,Stress Response
OGCDPPDJ_01244,L,Stress Response
OGCDPPDJ_01249,L,Stress Response
OGCDPPDJ_01274,GT,Environmental Adaptation
OGCDPPDJ_01278,V,Stress Response
OGCDPPDJ_01286,V,Stress Response
OGCDPPDJ_01299,Q,Environmental Adaptation
OGCDPPDJ_01300,NT,Environmental Adaptation
OGCDPPDJ_01308,EGP,Stress Response
OGCDPPDJ_01313,EGP,Stress Response
OGCDPPDJ_01328,L,Stress Response
OGCDPPDJ_01331,V,Stress Response
OGCDPPDJ_01334,Q,Environmental Adaptation
OGCDPPDJ_01335,Q,Environmental Adaptation
OGCDPPDJ_01336,Q,Environmental Adaptation
OGCDPPDJ_01337,Q,Environmental Adaptation
OGCDPPDJ_01338,Q,Environmental Adaptation
OGCDPPDJ_01340,T,Environmental Adaptation
OGCDPPDJ_01343,IQ,Environmental Adaptation
OGCDPPDJ_01360,L,Stress Response
OGCDPPDJ_01361,L,Stress Response
OGCDPPDJ_01370,CO,Stress Response
OGCDPPDJ_01374,O,Stress Response
OGCDPPDJ_01376,O,Stress Response
OGCDPPDJ_01377,T,Environmental Adaptation
OGCDPPDJ_01378,O,Stress Response
OGCDPPDJ_01384,L,Stress Response
OGCDPPDJ_01396,U,Environmental Adaptation
OGCDPPDJ_01402,U,Environmental Adaptation
OGCDPPDJ_01414,U,Environmental Adaptation
OGCDPPDJ_01415,L,Stress Response
OGCDPPDJ_01432,OU,Both
OGCDPPDJ_01439,P,Stress Response
OGCDPPDJ_01440,P,Stress Response
OGCDPPDJ_01442,NU,Environmental Adaptation
OGCDPPDJ_01443,P,Stress Response
OGCDPPDJ_01446,V,Stress Response
OGCDPPDJ_01453,IQ,Environmental Adaptation
OGCDPPDJ_01454,NT,Environmental Adaptation
OGCDPPDJ_01455,NT,Environmental Adaptation
OGCDPPDJ_01456,NT,Environmental Adaptation
OGCDPPDJ_01457,NT,Environmental Adaptation
OGCDPPDJ_01466,P,Stress Response
OGCDPPDJ_01479,T,Environmental Adaptation
OGCDPPDJ_01481,L,Stress Response
OGCDPPDJ_01483,EGP,Stress Response
OGCDPPDJ_01487,T,Environmental Adaptation
OGCDPPDJ_01488,T,Environmental Adaptation
OGCDPPDJ_01495,CP,Stress Response
OGCDPPDJ_01496,P,Stress Response
OGCDPPDJ_01497,P,Stress Response
OGCDPPDJ_01498,CP,Stress Response
OGCDPPDJ_01499,P,Stress Response
OGCDPPDJ_01500,P,Stress Response
OGCDPPDJ_01501,P,Stress Response
OGCDPPDJ_01502,Q,Environmental Adaptation
OGCDPPDJ_01504,T,Environmental Adaptation
OGCDPPDJ_01509,T,Environmental Adaptation
OGCDPPDJ_01511,Q,Environmental Adaptation
OGCDPPDJ_01519,IQ,Environmental Adaptation
OGCDPPDJ_01526,QT,Environmental Adaptation
OGCDPPDJ_01530,Q,Environmental Adaptation
OGCDPPDJ_01531,Q,Environmental Adaptation
OGCDPPDJ_01532,Q,Environmental Adaptation
OGCDPPDJ_01533,HQ,Environmental Adaptation
OGCDPPDJ_01534,IQ,Environmental Adaptation
OGCDPPDJ_01555,O,Stress Response
OGCDPPDJ_01556,EU,Environmental Adaptation
OGCDPPDJ_01557,EU,Environmental Adaptation
OGCDPPDJ_01576,QT,Environmental Adaptation
OGCDPPDJ_01579,Q,Environmental Adaptation
OGCDPPDJ_01585,O,Stress Response
OGCDPPDJ_01589,L,Stress Response
OGCDPPDJ_01590,P,Stress Response
OGCDPPDJ_01593,P,Stress Response
OGCDPPDJ_01598,L,Stress Response
OGCDPPDJ_01603,O,Stress Response
OGCDPPDJ_01606,O,Stress Response
OGCDPPDJ_01607,O,Stress Response
OGCDPPDJ_01609,P,Stress Response
OGCDPPDJ_01610,P,Stress Response
OGCDPPDJ_01611,P,Stress Response
OGCDPPDJ_01613,CO,Stress Response
OGCDPPDJ_01614,L,Stress Response
OGCDPPDJ_01617,P,Stress Response
OGCDPPDJ_01626,P,Stress Response
OGCDPPDJ_01628,IQ,Environmental Adaptation
OGCDPPDJ_01631,HP,Stress Response
OGCDPPDJ_01634,IQ,Environmental Adaptation
OGCDPPDJ_01635,P,Stress Response
OGCDPPDJ_01636,O,Stress Response
OGCDPPDJ_01637,T,Environmental Adaptation
OGCDPPDJ_01638,T,Environmental Adaptation
OGCDPPDJ_01645,KT,Environmental Adaptation
OGCDPPDJ_01646,T,Environmental Adaptation
OGCDPPDJ_01649,KT,Environmental Adaptation
OGCDPPDJ_01651,EGP,Stress Response
OGCDPPDJ_01653,HP,Stress Response
OGCDPPDJ_01654,P,Stress Response
OGCDPPDJ_01655,P,Stress Response
OGCDPPDJ_01656,IQ,Environmental Adaptation
OGCDPPDJ_01658,T,Environmental Adaptation
OGCDPPDJ_01659,T,Environmental Adaptation
OGCDPPDJ_01665,V,Stress Response
OGCDPPDJ_01666,V,Stress Response
OGCDPPDJ_01668,HP,Stress Response
OGCDPPDJ_01669,P,Stress Response
OGCDPPDJ_01670,P,Stress Response
OGCDPPDJ_01671,P,Stress Response
OGCDPPDJ_01676,P,Stress Response
OGCDPPDJ_01677,P,Stress Response
OGCDPPDJ_01678,P,Stress Response
OGCDPPDJ_01681,P,Stress Response
OGCDPPDJ_01682,P,Stress Response
OGCDPPDJ_01683,P,Stress Response
OGCDPPDJ_01684,L,Stress Response
OGCDPPDJ_01686,O,Stress Response
OGCDPPDJ_01687,O,Stress Response
OGCDPPDJ_01688,P,Stress Response
OGCDPPDJ_01689,P,Stress Response
OGCDPPDJ_01690,P,Stress Response
OGCDPPDJ_01696,P,Stress Response
OGCDPPDJ_01698,IQ,Environmental Adaptation
OGCDPPDJ_01708,NU,Environmental Adaptation
OGCDPPDJ_01731,L,Stress Response
OGCDPPDJ_01744,L,Stress Response
OGCDPPDJ_01745,L,Stress Response
OGCDPPDJ_01755,O,Stress Response
OGCDPPDJ_01758,U,Environmental Adaptation
OGCDPPDJ_01764,NT,Environmental Adaptation
OGCDPPDJ_01765,P,Stress Response
OGCDPPDJ_01767,P,Stress Response
OGCDPPDJ_01770,P,Stress Response
OGCDPPDJ_01772,P,Stress Response
OGCDPPDJ_01775,U,Environmental Adaptation
OGCDPPDJ_01786,U,Environmental Adaptation
OGCDPPDJ_01796,T,Environmental Adaptation
OGCDPPDJ_01797,T,Environmental Adaptation
OGCDPPDJ_01798,V,Stress Response
OGCDPPDJ_01799,V,Stress Response
OGCDPPDJ_01801,T,Environmental Adaptation
OGCDPPDJ_01804,P,Stress Response
OGCDPPDJ_01805,P,Stress Response
OGCDPPDJ_01830,Q,Environmental Adaptation
OGCDPPDJ_01833,V,Stress Response
OGCDPPDJ_01838,P,Stress Response
OGCDPPDJ_01839,P,Stress Response
OGCDPPDJ_01844,OU,Both
OGCDPPDJ_01849,P,Stress Response
OGCDPPDJ_01850,P,Stress Response
OGCDPPDJ_01856,P,Stress Response
OGCDPPDJ_01857,P,Stress Response
OGCDPPDJ_01859,V,Stress Response
OGCDPPDJ_01860,V,Stress Response
OGCDPPDJ_01861,T,Environmental Adaptation
OGCDPPDJ_01862,T,Environmental Adaptation
OGCDPPDJ_01864,Q,Environmental Adaptation
OGCDPPDJ_01873,V,Stress Response
OGCDPPDJ_01888,NU,Environmental Adaptation
OGCDPPDJ_01892,P,Stress Response
OGCDPPDJ_01898,Q,Environmental Adaptation
OGCDPPDJ_01900,KT,Environmental Adaptation
OGCDPPDJ_01904,N,Environmental Adaptation
OGCDPPDJ_01905,L,Stress Response
OGCDPPDJ_01906,L,Stress Response
OGCDPPDJ_01908,GT,Environmental Adaptation
OGCDPPDJ_01910,P,Stress Response
OGCDPPDJ_01911,O,Stress Response
OGCDPPDJ_01919,U,Environmental Adaptation
OGCDPPDJ_01923,N,Environmental Adaptation
OGCDPPDJ_01924,N,Environmental Adaptation
OGCDPPDJ_01925,N,Environmental Adaptation
OGCDPPDJ_01926,N,Environmental Adaptation
OGCDPPDJ_01927,T,Environmental Adaptation
OGCDPPDJ_01930,N,Environmental Adaptation
OGCDPPDJ_01931,N,Environmental Adaptation
OGCDPPDJ_01932,NOU,Both
OGCDPPDJ_01933,KNU,Environmental Adaptation
OGCDPPDJ_01937,L,Stress Response
OGCDPPDJ_01939,KT,Environmental Adaptation
OGCDPPDJ_01940,T,Environmental Adaptation
OGCDPPDJ_01949,V,Stress Response
OGCDPPDJ_01968,L,Stress Response
OGCDPPDJ_01983,U,Environmental Adaptation
OGCDPPDJ_01997,T,Environmental Adaptation
OGCDPPDJ_02003,P,Stress Response
OGCDPPDJ_02012,P,Stress Response
OGCDPPDJ_02013,P,Stress Response
OGCDPPDJ_02017,L,Stress Response
OGCDPPDJ_02035,L,Stress Response
OGCDPPDJ_02038,L,Stress Response
OGCDPPDJ_02042,T,Environmental Adaptation
OGCDPPDJ_02046,N,Environmental Adaptation
OGCDPPDJ_02047,N,Environmental Adaptation
OGCDPPDJ_02051,EGP,Stress Response
OGCDPPDJ_02052,P,Stress Response
OGCDPPDJ_02054,EGP,Stress Response
OGCDPPDJ_02055,Q,Environmental Adaptation
OGCDPPDJ_02057,P,Stress Response
OGCDPPDJ_02100,T,Environmental Adaptation
OGCDPPDJ_02101,P,Stress Response
OGCDPPDJ_02120,T,Environmental Adaptation
OGCDPPDJ_02127,L,Stress Response
OGCDPPDJ_02130,V,Stress Response
OGCDPPDJ_02136,T,Environmental Adaptation
OGCDPPDJ_02139,P,Stress Response
OGCDPPDJ_02145,V,Stress Response
OGCDPPDJ_02146,P,Stress Response
OGCDPPDJ_02147,L,Stress Response
OGCDPPDJ_02148,L,Stress Response
OGCDPPDJ_02150,CO,Stress Response
OGCDPPDJ_02151,CO,Stress Response
OGCDPPDJ_02164,U,Environmental Adaptation
OGCDPPDJ_02175,IQ,Environmental Adaptation
OGCDPPDJ_02177,EGP,Stress Response
OGCDPPDJ_02179,IQ,Environmental Adaptation
OGCDPPDJ_02182,EGP,Stress Response
OGCDPPDJ_02204,L,Stress Response
OGCDPPDJ_02210,P,Stress Response
OGCDPPDJ_02213,O,Stress Response
OGCDPPDJ_02231,Q,Environmental Adaptation
OGCDPPDJ_02232,P,Stress Response
OGCDPPDJ_02233,P,Stress Response
OGCDPPDJ_02234,P,Stress Response
OGCDPPDJ_02240,EGP,Stress Response
OGCDPPDJ_02245,O,Stress Response
OGCDPPDJ_02255,EGP,Stress Response
OGCDPPDJ_02258,Q,Environmental Adaptation
OGCDPPDJ_02260,IQ,Environmental Adaptation
OGCDPPDJ_02268,GKT,Environmental Adaptation
OGCDPPDJ_02270,L,Stress Response
OGCDPPDJ_02271,P,Stress Response
OGCDPPDJ_02272,EGP,Stress Response
OGCDPPDJ_02274,V,Stress Response
OGCDPPDJ_02281,V,Stress Response
OGCDPPDJ_02282,V,Stress Response
OGCDPPDJ_02286,O,Stress Response
OGCDPPDJ_02289,P,Stress Response
OGCDPPDJ_02290,QT,Environmental Adaptation
OGCDPPDJ_02295,T,Environmental Adaptation
OGCDPPDJ_02303,IQ,Environmental Adaptation
OGCDPPDJ_02307,Q,Environmental Adaptation
OGCDPPDJ_02309,T,Environmental Adaptation
OGCDPPDJ_02311,P,Stress Response
OGCDPPDJ_02317,JKL,Stress Response
OGCDPPDJ_02341,IQ,Environmental Adaptation
OGCDPPDJ_02343,T,Environmental Adaptation
OGCDPPDJ_02350,L,Stress Response
OGCDPPDJ_02352,L,Stress Response
OGCDPPDJ_02357,Q,Environmental Adaptation
OGCDPPDJ_02368,P,Stress Response
OGCDPPDJ_02369,P,Stress Response
OGCDPPDJ_02380,P,Stress Response
OGCDPPDJ_02382,V,Stress Response
OGCDPPDJ_02383,V,Stress Response
OGCDPPDJ_02384,T,Environmental Adaptation
OGCDPPDJ_02385,T,Environmental Adaptation
OGCDPPDJ_02390,EGP,Stress Response
OGCDPPDJ_02400,U,Environmental Adaptation
OGCDPPDJ_02401,O,Stress Response
OGCDPPDJ_02403,IQ,Environmental Adaptation
OGCDPPDJ_02408,Q,Environmental Adaptation
OGCDPPDJ_02412,U,Environmental Adaptation
OGCDPPDJ_02416,P,Stress Response
OGCDPPDJ_02419,IQ,Environmental Adaptation
OGCDPPDJ_02429,O,Stress Response
OGCDPPDJ_02430,O,Stress Response
OGCDPPDJ_02434,L,Stress Response
OGCDPPDJ_02435,O,Stress Response
OGCDPPDJ_02440,P,Stress Response
OGCDPPDJ_02442,L,Stress Response
OGCDPPDJ_02443,L,Stress Response
OGCDPPDJ_02446,L,Stress Response
OGCDPPDJ_02462,KT,Environmental Adaptation
OGCDPPDJ_02463,T,Environmental Adaptation
OGCDPPDJ_02467,O,Stress Response
OGCDPPDJ_02471,T,Environmental Adaptation
OGCDPPDJ_02472,T,Environmental Adaptation
OGCDPPDJ_02479,L,Stress Response
OGCDPPDJ_02483,P,Stress Response
OGCDPPDJ_02486,T,Environmental Adaptation
OGCDPPDJ_02499,EGP,Stress Response
OGCDPPDJ_02510,EGP,Stress Response
OGCDPPDJ_02511,O,Stress Response
OGCDPPDJ_02512,L,Stress Response
OGCDPPDJ_02518,P,Stress Response
OGCDPPDJ_02535,L,Stress Response
OGCDPPDJ_02545,L,Stress Response
OGCDPPDJ_02546,O,Stress Response
OGCDPPDJ_02547,O,Stress Response
OGCDPPDJ_02549,EGP,Stress Response
OGCDPPDJ_02553,L,Stress Response
OGCDPPDJ_02555,L,Stress Response
OGCDPPDJ_02570,U,Environmental Adaptation
OGCDPPDJ_02572,L,Stress Response
OGCDPPDJ_02573,L,Stress Response
OGCDPPDJ_02575,L,Stress Response
OGCDPPDJ_02577,L,Stress Response
OGCDPPDJ_02578,L,Stress Response
OGCDPPDJ_02593,P,Stress Response
OGCDPPDJ_02595,O,Stress Response
OGCDPPDJ_02607,P,Stress Response
OGCDPPDJ_02608,P,Stress Response
OGCDPPDJ_02609,O,Stress Response
OGCDPPDJ_02612,O,Stress Response
OGCDPPDJ_02616,HQ,Environmental Adaptation
OGCDPPDJ_02617,IQ,Environmental Adaptation
OGCDPPDJ_02618,IQ,Environmental Adaptation
OGCDPPDJ_02619,Q,Environmental Adaptation
OGCDPPDJ_02620,IQ,Environmental Adaptation
OGCDPPDJ_02625,IQ,Environmental Adaptation
OGCDPPDJ_02627,Q,Environmental Adaptation
OGCDPPDJ_02635,L,Stress Response
OGCDPPDJ_02636,L,Stress Response
OGCDPPDJ_02645,V,Stress Response
OGCDPPDJ_02646,L,Stress Response
OGCDPPDJ_02655,EGP,Stress Response
OGCDPPDJ_02659,OU,Both
OGCDPPDJ_02680,L,Stress Response
OGCDPPDJ_02692,NT,Environmental Adaptation
OGCDPPDJ_02693,NT,Environmental Adaptation
OGCDPPDJ_02694,NT,Environmental Adaptation
OGCDPPDJ_02695,NT,Environmental Adaptation
OGCDPPDJ_02696,NT,Environmental Adaptation
OGCDPPDJ_02698,N,Environmental Adaptation
OGCDPPDJ_02699,N,Environmental Adaptation
OGCDPPDJ_02700,N,Environmental Adaptation
OGCDPPDJ_02701,N,Environmental Adaptation
OGCDPPDJ_02702,N,Environmental Adaptation
OGCDPPDJ_02703,N,Environmental Adaptation
OGCDPPDJ_02704,N,Environmental Adaptation
OGCDPPDJ_02705,T,Environmental Adaptation
OGCDPPDJ_02706,N,Environmental Adaptation
OGCDPPDJ_02707,N,Environmental Adaptation
OGCDPPDJ_02708,N,Environmental Adaptation
OGCDPPDJ_02709,N,Environmental Adaptation
OGCDPPDJ_02710,N,Environmental Adaptation
OGCDPPDJ_02711,N,Environmental Adaptation
OGCDPPDJ_02713,N,Environmental Adaptation
OGCDPPDJ_02714,NU,Environmental Adaptation
OGCDPPDJ_02715,NU,Environmental Adaptation
OGCDPPDJ_02716,N,Environmental Adaptation
OGCDPPDJ_02717,N,Environmental Adaptation
OGCDPPDJ_02718,N,Environmental Adaptation
OGCDPPDJ_02719,N,Environmental Adaptation
OGCDPPDJ_02720,N,Environmental Adaptation
OGCDPPDJ_02722,O,Stress Response
OGCDPPDJ_02723,O,Stress Response
OGCDPPDJ_02724,L,Stress Response
OGCDPPDJ_02726,L,Stress Response
OGCDPPDJ_02727,LU,Both
OGCDPPDJ_02732,L,Stress Response
OGCDPPDJ_02740,U,Environmental Adaptation
OGCDPPDJ_02743,U,Environmental Adaptation
OGCDPPDJ_02746,IQ,Environmental Adaptation
OGCDPPDJ_02747,IQ,Environmental Adaptation
OGCDPPDJ_02751,L,Stress Response
OGCDPPDJ_02760,KLT,Both
OGCDPPDJ_02761,T,Environmental Adaptation
OGCDPPDJ_02766,L,Stress Response
OGCDPPDJ_02772,P,Stress Response
OGCDPPDJ_02777,P,Stress Response
OGCDPPDJ_02778,P,Stress Response
OGCDPPDJ_02779,P,Stress Response
OGCDPPDJ_02792,MU,Environmental Adaptation
OGCDPPDJ_02793,T,Environmental Adaptation
OGCDPPDJ_02803,P,Stress Response
OGCDPPDJ_02808,O,Stress Response
OGCDPPDJ_02834,T,Environmental Adaptation
OGCDPPDJ_02838,L,Stress Response
OGCDPPDJ_02844,T,Environmental Adaptation
OGCDPPDJ_02851,O,Stress Response
OGCDPPDJ_02852,O,Stress Response
OGCDPPDJ_02858,T,Environmental Adaptation
OGCDPPDJ_02862,T,Environmental Adaptation
OGCDPPDJ_02871,Q,Environmental Adaptation
OGCDPPDJ_02879,CO,Stress Response
OGCDPPDJ_02884,L,Stress Response
OGCDPPDJ_02891,P,Stress Response
OGCDPPDJ_02892,P,Stress Response
OGCDPPDJ_02893,T,Environmental Adaptation
OGCDPPDJ_02901,U,Environmental Adaptation
OGCDPPDJ_02902,GT,Environmental Adaptation
OGCDPPDJ_02905,V,Stress Response
OGCDPPDJ_02906,V,Stress Response
OGCDPPDJ_02909,V,Stress Response
OGCDPPDJ_02910,V,Stress Response
OGCDPPDJ_02919,CO,Stress Response
OGCDPPDJ_02920,O,Stress Response
OGCDPPDJ_02933,T,Environmental Adaptation
OGCDPPDJ_02934,IQ,Environmental Adaptation
OGCDPPDJ_02937,EGP,Stress Response
OGCDPPDJ_02939,T,Environmental Adaptation
OGCDPPDJ_02942,T,Environmental Adaptation
OGCDPPDJ_02946,NT,Environmental Adaptation
OGCDPPDJ_02948,L,Stress Response
OGCDPPDJ_02958,P,Stress Response
OGCDPPDJ_02959,CO,Stress Response
OGCDPPDJ_02968,IQ,Environmental Adaptation
OGCDPPDJ_02975,O,Stress Response
OGCDPPDJ_02976,N,Environmental Adaptation
OGCDPPDJ_02977,N,Environmental Adaptation
OGCDPPDJ_02979,T,Environmental Adaptation
OGCDPPDJ_02992,L,Stress Response
OGCDPPDJ_02993,T,Environmental Adaptation
OGCDPPDJ_02997,P,Stress Response
OGCDPPDJ_02998,O,Stress Response
OGCDPPDJ_03003,P,Stress Response
OGCDPPDJ_03005,T,Environmental Adaptation
OGCDPPDJ_03006,L,Stress Response
OGCDPPDJ_03007,L,Stress Response
OGCDPPDJ_03017,P,Stress Response
OGCDPPDJ_03022,T,Environmental Adaptation
OGCDPPDJ_03023,T,Environmental Adaptation
OGCDPPDJ_03026,P,Stress Response
OGCDPPDJ_03027,P,Stress Response
OGCDPPDJ_03028,T,Environmental Adaptation
OGCDPPDJ_03029,O,Stress Response
OGCDPPDJ_03033,O,Stress Response
OGCDPPDJ_03035,O,Stress Response
OGCDPPDJ_03039,P,Stress Response
OGCDPPDJ_03040,P,Stress Response
OGCDPPDJ_03052,V,Stress Response
OGCDPPDJ_03055,P,Stress Response
OGCDPPDJ_03056,EP,Stress Response
OGCDPPDJ_03057,P,Stress Response
OGCDPPDJ_03060,O,Stress Response
OGCDPPDJ_03066,P,Stress Response
OGCDPPDJ_03067,P,Stress Response
OGCDPPDJ_03084,L,Stress Response
OGCDPPDJ_03093,L,Stress Response
OGCDPPDJ_03096,L,Stress Response
OGCDPPDJ_03101,L,Stress Response
OGCDPPDJ_03106,P,Stress Response
OGCDPPDJ_03113,O,Stress Response
OGCDPPDJ_03120,IQ,Environmental Adaptation
OGCDPPDJ_03130,P,Stress Response
OGCDPPDJ_03142,T,Environmental Adaptation
OGCDPPDJ_03143,O,Stress Response
OGCDPPDJ_03148,O,Stress Response
OGCDPPDJ_03157,GKT,Environmental Adaptation
OGCDPPDJ_03159,IQ,Environmental Adaptation
OGCDPPDJ_03165,KLT,Both
OGCDPPDJ_03179,MT,Environmental Adaptation
OGCDPPDJ_03185,L,Stress Response
OGCDPPDJ_03189,N,Environmental Adaptation
OGCDPPDJ_03194,N,Environmental Adaptation
OGCDPPDJ_03196,OU,Both
OGCDPPDJ_03199,L,Stress Response
OGCDPPDJ_03200,L,Stress Response
OGCDPPDJ_03210,L,Stress Response
OGCDPPDJ_03221,L,Stress Response
OGCDPPDJ_03244,L,Stress Response
OGCDPPDJ_03247,L,Stress Response
OGCDPPDJ_03248,L,Stress Response
OGCDPPDJ_03261,L,Stress Response
OGCDPPDJ_03262,L,Stress Response
OGCDPPDJ_03265,L,Stress Response
OGCDPPDJ_03274,L,Stress Response
OGCDPPDJ_03280,P,Stress Response
OGCDPPDJ_03284,L,Stress Response
OGCDPPDJ_03303,P,Stress Response
OGCDPPDJ_03304,T,Environmental Adaptation
OGCDPPDJ_03312,Q,Environmental Adaptation
OGCDPPDJ_03316,NOT,Both
OGCDPPDJ_03317,P,Stress Response
OGCDPPDJ_03320,EGP,Stress Response
OGCDPPDJ_03322,P,Stress Response
OGCDPPDJ_03323,EP,Stress Response
OGCDPPDJ_03324,P,Stress Response
OGCDPPDJ_03328,EP,Stress Response
OGCDPPDJ_03329,P,Stress Response
OGCDPPDJ_03332,P,Stress Response
OGCDPPDJ_03333,O,Stress Response
OGCDPPDJ_03373,EGP,Stress Response
OGCDPPDJ_03379,P,Stress Response
OGCDPPDJ_03380,P,Stress Response
OGCDPPDJ_03389,V,Stress Response
OGCDPPDJ_03394,O,Stress Response
OGCDPPDJ_03396,Q,Environmental Adaptation
OGCDPPDJ_03405,V,Stress Response
OGCDPPDJ_03406,L,Stress Response
OGCDPPDJ_03407,L,Stress Response
OGCDPPDJ_03408,L,Stress Response
OGCDPPDJ_03409,L,Stress Response
OGCDPPDJ_03412,EGP,Stress Response
OGCDPPDJ_03421,U,Environmental Adaptation
OGCDPPDJ_03427,IQ,Environmental Adaptation
OGCDPPDJ_03430,IQ,Environmental Adaptation
OGCDPPDJ_03432,NT,Environmental Adaptation
OGCDPPDJ_03434,IQ,Environmental Adaptation
OGCDPPDJ_03440,O,Stress Response
OGCDPPDJ_03441,O,Stress Response
OGCDPPDJ_03443,IQ,Environmental Adaptation
OGCDPPDJ_03463,U,Environmental Adaptation
OGCDPPDJ_03464,V,Stress Response
OGCDPPDJ_03474,L,Stress Response
OGCDPPDJ_03475,L,Stress Response
OGCDPPDJ_03476,L,Stress Response
OGCDPPDJ_03477,CP,Stress Response
OGCDPPDJ_03482,P,Stress Response
OGCDPPDJ_03483,P,Stress Response
OGCDPPDJ_03486,L,Stress Response
OGCDPPDJ_03494,V,Stress Response
OGCDPPDJ_03495,V,Stress Response
OGCDPPDJ_03496,T,Environmental Adaptation
OGCDPPDJ_03506,P,Stress Response
OGCDPPDJ_03519,IQ,Environmental Adaptation
OGCDPPDJ_03523,P,Stress Response
OGCDPPDJ_03532,T,Environmental Adaptation
OGCDPPDJ_03550,U,Environmental Adaptation
OGCDPPDJ_03551,T,Environmental Adaptation
OGCDPPDJ_03555,V,Stress Response
OGCDPPDJ_03556,V,Stress Response
OGCDPPDJ_03561,EGP,Stress Response
OGCDPPDJ_03562,V,Stress Response
OGCDPPDJ_03565,T,Environmental Adaptation
OGCDPPDJ_03579,P,Stress Response
OGCDPPDJ_03581,P,Stress Response
OGCDPPDJ_03582,P,Stress Response
OGCDPPDJ_03598,P,Stress Response
OGCDPPDJ_03607,EGP,Stress Response
OGCDPPDJ_03613,P,Stress Response
OGCDPPDJ_03619,EGP,Stress Response
OGCDPPDJ_03628,U,Environmental Adaptation
OGCDPPDJ_03636,O,Stress Response
OGCDPPDJ_03642,CO,Stress Response
OGCDPPDJ_03646,P,Stress Response
OGCDPPDJ_03652,T,Environmental Adaptation
OGCDPPDJ_03660,P,Stress Response
OGCDPPDJ_03663,EGP,Stress Response
OGCDPPDJ_03679,EGP,Stress Response
OGCDPPDJ_03690,L,Stress Response
OGCDPPDJ_03704,KT,Environmental Adaptation
OGCDPPDJ_03707,T,Environmental Adaptation
OGCDPPDJ_03708,KT,Environmental Adaptation
OGCDPPDJ_03709,T,Environmental Adaptation
OGCDPPDJ_03710,T,Environmental Adaptation
OGCDPPDJ_03711,T,Environmental Adaptation
OGCDPPDJ_03712,L,Stress Response
OGCDPPDJ_03720,JKL,Stress Response
OGCDPPDJ_03723,CO,Stress Response
OGCDPPDJ_03724,P,Stress Response
OGCDPPDJ_03730,V,Stress Response
OGCDPPDJ_03732,U,Environmental Adaptation
OGCDPPDJ_03733,T,Environmental Adaptation
OGCDPPDJ_03734,T,Environmental Adaptation
OGCDPPDJ_03736,P,Stress Response
OGCDPPDJ_03740,P,Stress Response
OGCDPPDJ_03743,P,Stress Response
OGCDPPDJ_03746,L,Stress Response
OGCDPPDJ_03751,T,Environmental Adaptation
OGCDPPDJ_03753,L,Stress Response
OGCDPPDJ_03755,EGP,Stress Response
OGCDPPDJ_03756,U,Environmental Adaptation
OGCDPPDJ_03760,IQ,Environmental Adaptation
OGCDPPDJ_03761,Q,Environmental Adaptation
OGCDPPDJ_03762,IQ,Environmental Adaptation
OGCDPPDJ_03773,P,Stress Response
OGCDPPDJ_03778,Q,Environmental Adaptation
OGCDPPDJ_03779,U,Environmental Adaptation
OGCDPPDJ_03787,P,Stress Response
OGCDPPDJ_03789,IQ,Environmental Adaptation
OGCDPPDJ_03790,U,Environmental Adaptation
OGCDPPDJ_03798,EGP,Stress Response
OGCDPPDJ_03799,P,Stress Response
OGCDPPDJ_03800,P,Stress Response
OGCDPPDJ_03801,P,Stress Response
OGCDPPDJ_03802,P,Stress Response
OGCDPPDJ_03807,T,Environmental Adaptation
OGCDPPDJ_03808,T,Environmental Adaptation
OGCDPPDJ_03809,V,Stress Response
OGCDPPDJ_03810,P,Stress Response
OGCDPPDJ_03823,ET,Environmental Adaptation
OGCDPPDJ_03824,P,Stress Response
OGCDPPDJ_03831,EGP,Stress Response
OGCDPPDJ_03832,Q,Environmental Adaptation
OGCDPPDJ_03833,Q,Environmental Adaptation
OGCDPPDJ_03834,Q,Environmental Adaptation
OGCDPPDJ_03835,Q,Environmental Adaptation
OGCDPPDJ_03839,NT,Environmental Adaptation
OGCDPPDJ_03849,ET,Environmental Adaptation
OGCDPPDJ_03850,P,Stress Response
OGCDPPDJ_03854,P,Stress Response
OGCDPPDJ_03858,P,Stress Response
OGCDPPDJ_03864,QT,Environmental Adaptation
OGCDPPDJ_03869,Q,Environmental Adaptation
OGCDPPDJ_03871,Q,Environmental Adaptation
OGCDPPDJ_03881,EGP,Stress Response
OGCDPPDJ_03889,P,Stress Response
OGCDPPDJ_03892,EGP,Stress Response
OGCDPPDJ_03893,P,Stress Response
OGCDPPDJ_03894,P,Stress Response
OGCDPPDJ_03896,P,Stress Response
OGCDPPDJ_03897,T,Environmental Adaptation
OGCDPPDJ_03898,T,Environmental Adaptation
OGCDPPDJ_03899,T,Environmental Adaptation
OGCDPPDJ_03901,P,Stress Response
OGCDPPDJ_03902,P,Stress Response
OGCDPPDJ_03903,P,Stress Response
OGCDPPDJ_03905,IQ,Environmental Adaptation
OGCDPPDJ_03912,CP,Stress Response
OGCDPPDJ_03913,CP,Stress Response
OGCDPPDJ_03914,T,Environmental Adaptation
OGCDPPDJ_03915,T,Environmental Adaptation
OGCDPPDJ_03921,EGP,Stress Response
OGCDPPDJ_03923,O,Stress Response
OGCDPPDJ_03924,U,Environmental Adaptation
OGCDPPDJ_03925,U,Environmental Adaptation
OGCDPPDJ_03926,P,Stress Response
OGCDPPDJ_03927,T,Environmental Adaptation
OGCDPPDJ_03931,V,Stress Response
OGCDPPDJ_03932,T,Environmental Adaptation
OGCDPPDJ_03933,T,Environmental Adaptation
OGCDPPDJ_03943,T,Environmental Adaptation
OGCDPPDJ_03944,T,Environmental Adaptation
OGCDPPDJ_03980,Q,Environmental Adaptation
OGCDPPDJ_03981,V,Stress Response
OGCDPPDJ_03987,KLT,Both
OGCDPPDJ_03989,T,Environmental Adaptation
OGCDPPDJ_03990,T,Environmental Adaptation
OGCDPPDJ_03992,CO,Stress Response
OGCDPPDJ_03995,V,Stress Response
OGCDPPDJ_03996,V,Stress Response
OGCDPPDJ_03999,EGP,Stress Response
OGCDPPDJ_04004,P,Stress Response
OGCDPPDJ_04006,CP,Stress Response
OGCDPPDJ_04024,V,Stress Response
OGCDPPDJ_04028,P,Stress Response
OGCDPPDJ_04029,P,Stress Response
OGCDPPDJ_04030,P,Stress Response
OGCDPPDJ_04034,P,Stress Response
OGCDPPDJ_04040,O,Stress Response
OGCDPPDJ_04042,O,Stress Response
OGCDPPDJ_04046,U,Environmental Adaptation
OGCDPPDJ_04047,U,Environmental Adaptation
OGCDPPDJ_04050,O,Stress Response
OGCDPPDJ_04051,O,Stress Response
OGCDPPDJ_04057,KT,Environmental Adaptation
OGCDPPDJ_04058,L,Stress Response
OGCDPPDJ_04062,U,Environmental Adaptation
OGCDPPDJ_04065,U,Environmental Adaptation
OGCDPPDJ_04070,Q,Environmental Adaptation
OGCDPPDJ_04072,P,Stress Response
OGCDPPDJ_04104,L,Stress Response
OGCDPPDJ_04105,L,Stress Response
OGCDPPDJ_04114,V,Stress Response
OGCDPPDJ_04125,L,Stress Response
OGCDPPDJ_04127,L,Stress Response
OGCDPPDJ_04129,CO,Stress Response
OGCDPPDJ_04130,CO,Stress Response
OGCDPPDJ_04141,P,Stress Response
OGCDPPDJ_04144,T,Environmental Adaptation
OGCDPPDJ_04148,P,Stress Response
OGCDPPDJ_04167,T,Environmental Adaptation
OGCDPPDJ_04183,P,Stress Response
OGCDPPDJ_04187,NT,Environmental Adaptation
OGCDPPDJ_04191,EGP,Stress Response
OGCDPPDJ_04195,L,Stress Response
OGCDPPDJ_04198,P,Stress Response
OGCDPPDJ_04199,P,Stress Response
OGCDPPDJ_04200,P,Stress Response
OGCDPPDJ_04201,P,Stress Response
OGCDPPDJ_04205,P,Stress Response
OGCDPPDJ_04206,T,Environmental Adaptation
OGCDPPDJ_04207,T,Environmental Adaptation
OGCDPPDJ_04232,EGP,Stress Response
OGCDPPDJ_04234,T,Environmental Adaptation
OGCDPPDJ_04238,EGP,Stress Response
OGCDPPDJ_04239,P,Stress Response
OGCDPPDJ_04246,P,Stress Response
OGCDPPDJ_04247,L,Stress Response
OGCDPPDJ_04257,KQ,Environmental Adaptation
OGCDPPDJ_04268,V,Stress Response
OGCDPPDJ_04269,V,Stress Response
OGCDPPDJ_04273,U,Environmental Adaptation
OGCDPPDJ_04277,T,Environmental Adaptation
OGCDPPDJ_04278,KT,Environmental Adaptation
OGCDPPDJ_04279,V,Stress Response
OGCDPPDJ_04280,V,Stress Response
OGCDPPDJ_04281,V,Stress Response
OGCDPPDJ_04286,EGP,Stress Response
OGCDPPDJ_04288,EGP,Stress Response
OGCDPPDJ_04291,P,Stress Response
OGCDPPDJ_04292,P,Stress Response
OGCDPPDJ_04293,P,Stress Response
OGCDPPDJ_04302,EGP,Stress Response
OGCDPPDJ_04305,T,Environmental Adaptation
OGCDPPDJ_04311,L,Stress Response
OGCDPPDJ_04313,IQ,Environmental Adaptation
OGCDPPDJ_04317,V,Stress Response
OGCDPPDJ_04320,O,Stress Response
OGCDPPDJ_04321,P,Stress Response
OGCDPPDJ_04330,Q,Environmental Adaptation
OGCDPPDJ_04334,P,Stress Response
OGCDPPDJ_04335,P,Stress Response
OGCDPPDJ_04336,P,Stress Response
OGCDPPDJ_04345,U,Environmental Adaptation
OGCDPPDJ_04381,U,Environmental Adaptation
OGCDPPDJ_04392,L,Stress Response
OGCDPPDJ_04393,O,Stress Response
OGCDPPDJ_04394,O,Stress Response
OGCDPPDJ_04408,O,Stress Response
OGCDPPDJ_04409,O,Stress Response
OGCDPPDJ_04411,O,Stress Response
OGCDPPDJ_04414,KLT,Both
OGCDPPDJ_04416,KT,Environmental Adaptation
OGCDPPDJ_04427,L,Stress Response
OGCDPPDJ_04442,T,Environmental Adaptation
OGCDPPDJ_04443,L,Stress Response
OGCDPPDJ_04447,L,Stress Response
OGCDPPDJ_04449,L,Stress Response
OGCDPPDJ_04451,L,Stress Response
OGCDPPDJ_04456,P,Stress Response
OGCDPPDJ_04462,L,Stress Response
OGCDPPDJ_04464,L,Stress Response
OGCDPPDJ_04466,Q,Environmental Adaptation
OGCDPPDJ_04479,P,Stress Response
